track,t_start,wrist_speed_mean,wrist_jerk_rms,ankle_speed_mean,body_sway_std,wrist_dom_freq_hz,beat_band_frac,wrist_spec_entropy,stft_centroid_hz,stft_flux,arm_reach,wrist_height,leg_extension,knee_extension,lr_wrist_asym,torso_lean_deg,travel_speed,visible_joint_frac,mean_kp_conf,torso_px,x_pos_px,y_pos_px,is_dancer
0,14.51000,5.05370,4614.04598,2.96384,0.81734,2.33907,0.48822,0.92801,1.34278,0.01205,1.07368,-0.97874,0.55285,0.16627,2.77918,6.67034,3.19929,0.91373,0.52565,35.27953,1117.48870,409.96167,0
0,15.01000,2.65964,2804.15316,2.48065,0.68426,2.92384,0.25833,0.87237,1.33045,0.00920,1.05546,-0.97433,0.52774,0.14215,1.54014,5.80559,2.23791,0.89020,0.52427,35.01385,1114.26537,410.39981,0
0,15.51000,5.20350,9540.12035,7.93321,1.26426,2.22212,0.46985,0.87592,1.32664,0.00704,1.00757,-0.95810,0.54041,0.15483,1.15854,3.74212,5.45797,0.92026,0.56480,35.38620,1104.53241,409.73019,0
0,16.01000,5.84299,9712.85032,7.82228,1.02148,6.31549,0.10498,0.93627,1.33842,0.00985,1.01146,-0.92805,0.49528,0.11145,2.11988,4.44980,5.65304,0.89281,0.52571,36.10121,1106.63019,412.66222,0
1,0.00000,0.49066,194.50627,0.44300,0.13796,0.70172,0.12103,0.91751,1.32032,0.00164,1.00915,-1.00005,1.32125,0.68681,0.25465,0.96786,0.82123,1.00000,0.85323,68.48629,645.16648,400.83704,1
1,0.50000,0.44168,182.54466,0.48136,0.18623,0.81868,0.11465,0.84959,1.32056,0.00215,1.01274,-1.00448,1.30676,0.68234,0.24070,1.15318,0.96149,1.00000,0.85489,69.30191,648.40407,396.35778,1
1,1.00000,0.30252,134.58012,0.40410,0.19749,2.80689,0.38782,0.85657,1.31977,0.00215,1.00645,-0.99692,1.29170,0.66944,0.18696,1.09571,0.89820,1.00000,0.86049,70.09850,657.04852,386.72148,1
1,1.50000,0.31669,119.97639,0.40746,0.20823,3.39165,0.46459,0.85699,1.31999,0.00203,1.01789,-1.00721,1.28452,0.66906,0.26299,1.52604,0.60822,1.00000,0.86800,70.16019,662.44259,380.00963,1
1,2.00000,0.36917,123.87679,0.48113,0.11663,0.58477,0.07156,0.84955,1.32069,0.00123,1.04314,-1.03270,1.34006,0.70390,0.30868,1.84124,0.49431,1.00000,0.87031,68.91216,664.27630,375.42037,1
1,2.50000,0.39682,119.83971,0.50988,0.26824,0.70172,0.09149,0.79449,1.32032,0.00115,1.05349,-1.04549,1.36569,0.71827,0.33831,2.21059,0.43252,1.00000,0.86174,69.38198,660.08889,375.91407,1
1,3.00000,0.38111,113.80109,0.49349,0.34303,0.81868,0.30282,0.86935,1.32061,0.00137,1.05922,-1.05385,1.38556,0.72951,0.29137,1.89777,0.36093,1.00000,0.85046,70.02156,653.32148,377.73444,1
1,3.50000,0.29040,96.68557,0.37909,0.14910,0.93563,0.34368,0.77898,1.32015,0.00179,1.04285,-1.03727,1.35190,0.70938,0.24699,1.28573,0.30125,1.00000,0.84124,71.24618,651.37667,379.03815,1
1,4.00000,0.35429,133.06859,0.34684,0.18395,0.58477,0.28345,0.83415,1.32020,0.00198,1.03936,-1.03000,1.34100,0.70855,0.28113,0.98223,0.26352,1.00000,0.83741,70.76210,652.71741,377.25111,1
1,4.50000,0.45323,155.14169,0.29062,0.13031,0.70172,0.43883,0.90802,1.32339,0.00230,1.03725,-1.02465,1.34240,0.70969,0.27662,1.33068,0.30083,1.00000,0.83440,69.79193,653.21630,373.68333,1
1,5.00000,1.43168,449.76308,0.66773,0.11844,0.58477,0.08403,0.69763,1.33404,0.00786,0.93981,-0.89371,1.36245,0.72115,0.72171,1.95488,0.65180,1.00000,0.83200,68.33295,650.59074,369.60519,1
1,5.50000,3.49316,1454.90972,1.49173,0.13942,0.70172,0.03193,0.77846,1.55672,0.03972,0.90839,-0.64052,1.32249,0.69235,2.17283,7.50493,0.99609,1.00000,0.80957,67.23137,645.44407,364.30963,1
1,6.00000,5.94561,2107.15086,3.22728,0.47256,2.57298,0.58802,0.88547,1.85152,0.06843,0.80756,-0.23804,1.23961,0.60870,4.29068,13.17846,1.59099,0.99869,0.76675,68.34233,639.66519,357.61667,1
1,6.50000,6.84246,2367.40838,4.34871,0.50157,1.05258,0.44911,0.91891,1.87477,0.08157,0.85316,-0.21159,1.27958,0.60693,4.59356,18.46283,1.80093,0.99869,0.73297,69.96594,632.37778,369.75222,1
1,7.00000,7.22841,2846.52059,4.04484,0.44548,0.70172,0.13745,0.89993,1.82787,0.07017,0.87091,-0.36664,1.31002,0.62891,6.64176,13.87571,1.72089,0.99608,0.74228,74.64449,631.03296,387.48296,1
1,7.50000,7.34227,3114.40602,3.32346,0.43892,2.68993,0.60288,0.90669,1.74926,0.07011,0.88379,-0.60249,1.42707,0.73877,6.82864,9.82927,1.46481,0.99739,0.77039,75.42692,633.04815,401.37667,1
1,8.00000,8.12086,3090.58403,2.88121,0.44725,2.80689,0.62912,0.94226,2.03516,0.09268,0.93785,-0.54482,1.37908,0.70644,6.47799,4.66187,1.12156,0.99739,0.80419,76.71947,638.09000,393.52778,1
1,8.50000,7.48354,2595.87975,3.20754,0.47832,2.45603,0.66024,0.93593,1.97051,0.10373,0.84409,-0.49286,1.41285,0.71685,4.90473,4.23996,1.46090,1.00000,0.80676,75.90570,628.76741,386.84778,1
1,9.00000,6.63506,2096.28322,3.51579,0.57300,3.04079,0.47865,0.90900,1.95283,0.11072,0.80811,-0.40509,1.37070,0.67847,3.26279,3.22374,1.87751,1.00000,0.78848,76.19161,597.86222,388.03259,1
1,9.51000,5.80391,1961.06234,3.78564,0.33609,0.93563,0.24942,0.95002,1.80912,0.09898,0.68589,-0.31062,1.35226,0.65054,4.23822,3.92713,2.32707,1.00000,0.76479,77.17021,571.29074,389.96630,1
1,10.01000,6.43807,1992.72097,4.22516,0.35329,1.16954,0.32929,0.85698,1.77398,0.08554,0.67597,-0.20693,1.25648,0.63653,3.05171,4.42305,2.53058,1.00000,0.76232,77.98033,575.84407,392.48185,1
1,10.51000,6.43990,1768.28224,4.20936,1.58930,1.05258,0.37916,0.78710,1.65085,0.07169,0.85358,-0.41426,1.23136,0.62283,3.92879,8.66399,2.68657,1.00000,0.76262,74.49438,605.77333,398.21037,1
1,11.01000,6.91770,2243.03019,4.15830,2.01349,0.81868,0.14233,0.77093,1.55293,0.05709,1.01091,-0.74915,1.27908,0.66774,2.86983,14.80798,3.20980,0.99869,0.75300,67.43033,629.25444,407.66185,1
1,11.51000,7.23603,2350.67387,4.25277,1.86633,0.93563,0.15035,0.88145,1.74815,0.07622,1.06373,-0.83043,1.28668,0.66268,2.92139,21.79846,2.62033,0.99869,0.75525,65.63815,626.70074,397.16111,1
1,12.01000,7.79840,2925.82391,3.79840,1.76737,2.92384,0.50439,0.92093,1.82511,0.08208,0.94232,-0.75346,1.30884,0.66882,3.82376,21.68363,1.84391,0.99869,0.77030,68.49086,614.49148,383.14815,1
1,12.51000,7.23053,3088.06065,3.64442,0.67039,2.80689,0.57287,0.89763,1.77570,0.07766,0.78276,-0.56297,1.30172,0.64634,4.76077,14.35479,1.19460,1.00000,0.78441,70.58696,606.14704,362.49444,1
1,13.01000,6.89435,2812.13033,3.07103,0.60466,1.75430,0.59371,0.84553,1.89359,0.06625,0.77433,-0.43189,1.37964,0.67348,4.17216,6.53157,1.41549,1.00000,0.79236,68.58141,604.96222,361.51444,1
1,13.51000,5.65158,2104.68176,3.07948,0.40338,1.75430,0.66888,0.82979,1.84355,0.07094,0.70128,-0.31020,1.45310,0.72423,1.94423,1.59157,1.85777,1.00000,0.79615,64.70101,605.36333,353.74444,1
1,14.01000,5.05727,1180.22291,2.74443,0.39861,1.05258,0.30212,0.82447,1.80047,0.06689,0.81203,-0.19189,1.48482,0.76998,1.22000,1.51563,1.73300,1.00000,0.80334,63.85321,600.60667,354.43074,1
1,14.51000,4.90384,1687.42880,2.49364,0.22164,0.81868,0.19049,0.85356,1.52166,0.05498,0.75965,-0.32784,1.56072,0.77332,1.84223,1.97407,1.61429,1.00000,0.79894,61.61143,591.69963,349.88889,1
1,15.01000,4.89239,1720.04246,2.43860,0.36830,0.70172,0.21280,0.89173,1.47168,0.04179,0.79760,-0.34506,1.55898,0.76549,2.48803,2.67508,1.40560,1.00000,0.79921,62.21320,582.62926,353.13333,1
1,15.51000,4.77363,1650.08641,2.60738,0.36258,0.81868,0.12309,0.84376,1.37989,0.02652,0.71740,-0.47416,1.48961,0.70084,2.86196,3.04190,1.27404,1.00000,0.79697,61.84744,578.51630,349.97704,1
1,16.01000,3.91450,1407.24054,2.94144,0.98023,1.52040,0.51825,0.72766,1.38025,0.03136,0.81471,-0.54699,1.39535,0.63076,3.44494,3.25390,1.51175,1.00000,0.78665,59.18319,579.77111,347.77889,1
1,16.51000,3.07280,1292.71407,3.41683,0.88033,0.81868,0.20754,0.73529,1.37951,0.02536,0.90455,-0.75922,1.32921,0.60400,2.75470,2.83096,1.46045,1.00000,0.78391,55.70537,582.56704,348.21259,1
1,17.01000,2.26709,1208.58376,3.29801,0.94104,0.58477,0.34853,0.60792,1.36392,0.02305,1.01983,-0.92705,1.36300,0.67601,1.95588,2.68207,1.52839,1.00000,0.80652,56.45692,586.81593,357.03444,1
1,17.51000,1.62417,788.16676,3.32252,0.85189,0.58477,0.20718,0.77170,1.33641,0.00980,1.02491,-0.99469,1.35925,0.74296,1.56177,1.93552,1.42374,1.00000,0.83267,60.53534,594.80148,371.07222,1
1,18.01000,3.30811,1626.66273,3.37935,0.68482,0.58477,0.44647,0.79178,1.42113,0.03109,0.97794,-0.88017,1.31357,0.77563,3.89381,1.90845,1.57746,0.99739,0.82628,66.85853,595.84444,384.77370,1
1,18.51000,4.14307,1770.42427,3.34940,0.65538,2.57298,0.56415,0.87519,1.44785,0.04423,0.86683,-0.70873,1.29164,0.77169,4.83109,1.97509,1.55261,0.99739,0.81236,71.29832,596.55370,395.44519,1
1,19.01000,4.38362,1714.03401,3.35813,0.29828,1.98821,0.49922,0.92085,1.47703,0.04868,0.78631,-0.57862,1.31665,0.75532,4.53772,2.73945,1.65630,0.99739,0.80122,73.57938,582.83630,400.86519,1
1,19.51000,3.44545,1019.58590,2.92649,0.13438,1.16954,0.35703,0.89914,1.44358,0.03741,0.77217,-0.53325,1.36758,0.71716,2.22609,4.33614,1.41446,1.00000,0.81753,72.93946,569.15926,400.04074,1
1,20.01000,3.72718,1159.51817,3.16886,0.22244,1.63735,0.64246,0.94510,1.61866,0.05976,0.71692,-0.46063,1.39004,0.68473,1.45655,4.60691,1.42547,1.00000,0.81306,70.18353,554.57370,392.97630,1
1,20.51000,4.24615,1680.96867,3.58942,0.23984,2.68993,0.62369,0.91660,1.69169,0.06449,0.72179,-0.44921,1.37166,0.67111,1.40358,8.26739,1.28413,1.00000,0.79771,68.89274,552.99963,386.23000,1
1,21.01000,5.02442,1837.10465,3.28557,0.10748,0.58477,0.24119,0.88389,1.78948,0.09244,0.62159,-0.22298,1.29715,0.59263,1.94080,12.65187,1.36710,0.99869,0.77010,69.28758,564.37000,377.54407,1
1,21.51000,5.58862,1928.71448,2.93350,0.10154,0.93563,0.17535,0.79120,1.76767,0.10211,0.69474,-0.27933,1.31313,0.61123,2.06109,12.31910,1.48373,0.99869,0.77191,70.99299,576.05407,375.94000,1
1,22.01000,4.57138,1445.80252,2.40676,0.24324,0.93563,0.21293,0.93091,2.01872,0.10486,0.55126,-0.12440,1.37209,0.66039,1.66925,7.91126,1.56026,0.99869,0.79027,70.83425,583.33778,371.36667,1
1,22.51000,3.06914,1179.18365,2.53856,0.27122,0.70172,0.19606,0.80787,2.23927,0.07906,0.49761,-0.18643,1.49383,0.75493,1.03061,2.17745,1.77623,1.00000,0.81050,69.04424,581.68926,373.77593,1
1,23.01000,2.45252,894.74930,2.92576,0.16804,0.58477,0.15080,0.69913,2.54437,0.08156,0.43644,-0.14719,1.47770,0.75931,1.20731,1.90534,1.72381,1.00000,0.80993,67.86669,578.36963,373.00444,1
1,23.51000,3.79888,1322.27450,3.01431,0.35084,0.93563,0.36918,0.78108,2.21679,0.07802,0.61143,-0.24395,1.39544,0.72209,2.22681,1.89284,1.57684,1.00000,0.80594,69.64998,577.05519,382.55296,1
1,24.01000,5.64438,2055.75100,3.48104,0.36141,1.40344,0.46493,0.84900,1.86072,0.06438,0.71621,-0.41204,1.32890,0.71275,3.79055,5.30957,1.58806,1.00000,0.77884,71.87286,585.09185,386.07296,1
1,24.51000,5.89639,2148.92141,2.99867,0.39927,0.70172,0.31142,0.89608,1.52441,0.04742,0.81958,-0.55315,1.33759,0.69755,4.34102,6.67106,1.61847,1.00000,0.77558,72.82744,588.57519,393.11667,1
1,25.01000,5.61474,2059.51573,3.53216,0.52873,0.81868,0.13207,0.85156,1.70712,0.06225,0.81447,-0.54949,1.22794,0.67729,4.27534,12.27347,1.63705,1.00000,0.77210,73.91530,583.95593,385.92111,1
1,25.51000,5.72353,1768.11741,3.50102,0.42904,1.52040,0.54456,0.92305,1.87574,0.08318,0.83179,-0.54613,1.20264,0.66056,2.89903,8.52896,1.74427,1.00000,0.79872,75.41121,578.09185,376.08630,1
1,26.01000,7.01309,1767.71925,3.98012,1.06759,2.22212,0.82832,0.88164,2.16900,0.09719,0.75716,-0.34004,1.20359,0.66379,2.15186,11.03066,2.21635,0.97778,0.76804,73.08617,577.37167,372.64056,1
2,0.00000,0.37711,208.63488,0.39564,0.09936,1.05258,0.25900,0.84815,1.31997,0.00176,0.96798,-0.92015,1.40995,0.71650,0.18154,1.46306,0.85968,1.00000,0.79327,68.77331,395.90574,394.60148,1
2,0.50000,0.69205,269.52783,0.58223,0.11102,1.05258,0.16558,0.79038,1.32021,0.00184,0.96460,-0.92708,1.39398,0.71224,0.61315,0.99468,1.06031,1.00000,0.81492,69.38081,397.84074,389.82741,1
2,1.00000,0.80377,275.97611,0.61136,0.09780,0.58477,0.13265,0.77257,1.32014,0.00127,0.98624,-0.95729,1.37039,0.71166,0.76546,2.48000,0.92911,1.00000,0.81956,69.94590,404.28519,379.81481,1
2,1.50000,1.02466,292.46080,0.70981,0.07131,0.70172,0.04630,0.79111,1.32086,0.00223,1.01782,-1.00197,1.34582,0.70910,0.90766,4.02712,0.74891,1.00000,0.81178,70.26818,404.23630,373.14519,1
2,2.00000,0.84646,259.91667,0.60827,0.06288,0.58477,0.40461,0.68875,1.32132,0.00218,1.05781,-1.03878,1.33567,0.70134,0.51816,5.75664,0.58355,1.00000,0.78787,70.25175,406.17815,369.72630,1
2,2.50000,0.69814,234.81730,0.64393,0.21837,0.70172,0.24946,0.73175,1.32074,0.00257,1.05990,-1.03560,1.36021,0.70236,0.33208,4.74504,0.57382,1.00000,0.78179,69.16681,408.92630,368.74630,1
2,3.00000,0.42814,166.70118,0.46247,0.19435,0.58477,0.14897,0.87082,1.32020,0.00192,1.06318,-1.01964,1.38218,0.70824,0.11538,3.56464,0.49904,1.00000,0.77332,68.51848,410.31815,369.52444,1
2,3.50000,0.26317,132.67604,0.35632,0.11287,1.87126,0.59064,0.96226,1.31936,0.00141,1.05505,-1.00485,1.41636,0.72853,0.07489,1.89588,0.43161,1.00000,0.77928,67.50299,409.57000,368.30593,1
2,4.00000,0.23376,125.70055,0.22590,0.05363,0.70172,0.13345,0.93827,1.32001,0.00118,1.07035,-1.01883,1.43689,0.74949,0.06271,1.34833,0.35532,1.00000,0.77547,67.26784,405.24519,366.50741,1
2,4.50000,0.19436,111.15636,0.23258,0.07322,0.70172,0.10063,0.91152,1.31984,0.00091,1.07175,-1.02824,1.45209,0.76262,0.06236,0.87862,0.38742,1.00000,0.77925,66.96433,402.24852,363.42111,1
2,5.00000,0.76596,689.29890,0.32009,0.10110,0.58477,0.06709,0.51706,1.33665,0.00316,1.05175,-0.99838,1.45382,0.76561,0.41654,2.87199,0.46144,1.00000,0.77234,66.62380,397.59778,362.30556,1
2,5.50000,3.90754,2597.43231,1.29974,0.29124,0.70172,0.07414,0.60030,1.66016,0.03132,0.96423,-0.77708,1.41713,0.76062,2.85005,7.77435,0.96509,1.00000,0.75278,66.90590,385.21704,363.63963,1
2,6.00000,6.74993,3865.15202,3.47482,0.37336,1.87126,0.58928,0.84258,2.02531,0.06074,0.88499,-0.42209,1.32190,0.65700,4.98003,15.77875,1.49869,0.99869,0.72300,68.01748,371.52630,359.39333,1
2,6.50000,9.24066,4892.16833,4.35194,0.28169,1.16954,0.42646,0.88566,2.25336,0.08354,0.80127,-0.26066,1.34104,0.64023,5.50718,22.42424,1.98914,0.99869,0.69306,69.53730,359.44778,372.38630,1
2,7.00000,8.72209,4825.53201,4.29861,0.23152,0.58477,0.26940,0.85377,2.15984,0.08056,0.79201,-0.30787,1.33850,0.61625,5.30443,21.62570,1.79591,0.99869,0.70672,73.11666,356.99704,384.54593,1
2,7.50000,8.63945,4500.57289,2.89968,0.20255,2.92384,0.44083,0.92353,2.10651,0.08443,0.79086,-0.48860,1.39775,0.71725,5.80533,14.95016,1.36854,0.99869,0.72589,73.95895,354.32333,401.42074,1
2,8.00000,7.65610,3490.81975,2.88755,0.17850,2.92384,0.45067,0.94111,2.08508,0.09802,0.91573,-0.52048,1.41102,0.73005,5.81527,7.44834,1.11315,0.99869,0.77193,73.51823,346.86519,396.56556,1
2,8.50000,6.64824,2803.86996,2.68429,0.44411,2.45603,0.61531,0.94141,1.92969,0.09587,0.92980,-0.56307,1.40979,0.74150,5.32869,6.20191,1.26997,0.99869,0.78187,74.04885,331.62556,393.88963,1
2,9.00000,5.59998,2238.89794,3.23651,0.65159,3.15775,0.28559,0.87312,1.66078,0.07092,0.92306,-0.61938,1.44435,0.74167,4.47557,7.56623,1.69475,1.00000,0.77309,75.94639,301.07185,391.12741,1
2,9.51000,4.85971,2203.07098,4.22008,0.54486,3.15775,0.22411,0.90646,1.47590,0.04615,0.79174,-0.63320,1.39505,0.70585,4.76643,7.60651,2.09893,1.00000,0.74705,79.63295,263.30037,393.67556,1
2,10.01000,6.32600,2733.18503,4.36436,0.34250,0.58477,0.48297,0.82215,1.78765,0.04878,0.77250,-0.47968,1.35961,0.69261,4.75177,5.67797,2.35992,1.00000,0.73708,81.50197,242.40630,402.26444,1
2,10.51000,7.56372,2967.14003,4.00918,0.74989,0.58477,0.17210,0.88637,1.97218,0.06686,1.03763,-0.59374,1.43302,0.67539,5.69643,5.04678,3.21859,1.00000,0.75759,76.94095,238.22185,417.85259,1
2,11.01000,9.18614,3238.19292,3.79094,0.99160,0.81868,0.17223,0.76520,2.01618,0.06593,1.32180,-0.92477,1.64010,0.76765,4.88957,5.07010,3.97434,1.00000,0.76497,68.45498,234.66074,434.00148,1
2,11.51000,8.92508,3062.73671,4.88253,1.30031,0.93563,0.18834,0.88438,1.82318,0.09234,1.36785,-1.03174,1.65588,0.79656,4.13733,7.94967,3.63121,1.00000,0.76167,70.12753,209.03259,427.28704,1
2,12.01000,8.33357,3450.59834,4.80566,1.26183,0.58477,0.44152,0.92043,1.76069,0.07741,1.11247,-0.87676,1.62920,0.85659,3.72464,8.74941,2.42460,1.00000,0.75914,80.88127,185.40296,417.19815,1
2,12.51000,6.54410,3262.62940,4.83496,0.32497,0.58477,0.10611,0.94049,1.78898,0.07387,0.75499,-0.47806,1.45326,0.78234,4.27360,8.80268,1.46805,1.00000,0.76130,91.01126,184.51704,394.53556,1
2,13.01000,5.93784,3048.43051,3.54852,0.42210,1.63735,0.58671,0.72187,1.88145,0.05403,0.71469,-0.40483,1.49154,0.79702,3.88943,6.00759,1.73105,1.00000,0.78331,90.27802,206.91444,389.47481,1
2,13.51000,5.57241,1828.79211,3.55210,0.23638,1.75430,0.66176,0.82028,1.88686,0.07213,0.70351,-0.33477,1.43668,0.76820,2.20780,3.63652,1.87478,1.00000,0.78715,87.72346,234.49333,378.09556,1
2,14.01000,5.90270,1679.53870,2.57748,0.10387,1.40344,0.45636,0.86744,2.29287,0.08678,0.83050,-0.23460,1.43293,0.79320,2.08363,3.19486,1.65156,1.00000,0.80513,88.07017,249.94556,380.59741,1
2,14.51000,5.85697,1999.41203,2.51889,0.06549,0.70172,0.23392,0.91895,2.12699,0.07804,0.74103,-0.23489,1.48569,0.77783,2.53121,2.57657,1.40075,1.00000,0.80309,86.62571,250.31852,375.31444,1
2,15.01000,5.45940,2406.30990,2.19934,0.12760,1.52040,0.35923,0.90946,2.04456,0.06911,0.72039,-0.31034,1.51050,0.77438,3.50707,3.29936,1.36446,1.00000,0.79869,86.06446,246.70519,376.27926,1
2,15.51000,5.37605,2335.71780,2.79290,0.21893,1.28649,0.37452,0.92662,1.58057,0.05686,0.63383,-0.40461,1.49407,0.74974,3.52744,3.02144,1.34323,1.00000,0.79278,82.62928,244.82852,366.02630,1
2,16.01000,5.02402,2053.38081,3.16204,0.52092,0.81868,0.34061,0.92453,1.48482,0.04933,0.75287,-0.53520,1.40705,0.69159,3.50242,3.00241,1.59058,1.00000,0.77837,78.87561,259.39593,359.62704,1
2,16.51000,3.81916,1518.67841,3.15006,0.56756,0.70172,0.19534,0.91862,1.38640,0.04022,0.85274,-0.68636,1.37027,0.68482,2.13904,2.22755,1.62767,1.00000,0.79785,73.70607,285.92370,353.66852,1
2,17.01000,2.54692,1235.29525,2.14547,0.52201,0.58477,0.32480,0.78177,1.36560,0.02269,0.99279,-0.91761,1.34621,0.71973,1.37768,1.80432,1.59668,1.00000,0.82058,71.60152,323.04963,357.81074,1
2,17.51000,1.83073,1256.03624,1.62747,0.29769,0.58477,0.27841,0.53502,1.34471,0.01105,1.03291,-0.99720,1.34962,0.78681,1.73972,2.21093,1.35068,1.00000,0.83581,71.20193,345.52444,367.93407,1
2,18.01000,3.91818,2064.00906,2.51458,0.63146,0.70172,0.20502,0.67425,1.52573,0.03266,0.97551,-0.77722,1.29253,0.79267,3.26266,2.89153,1.49787,1.00000,0.80190,73.46566,336.18519,382.07704,1
2,18.51000,4.72400,2144.79076,3.73121,0.75514,0.93563,0.26083,0.66843,1.58413,0.04881,0.87386,-0.58765,1.24012,0.75432,4.18631,3.71429,1.62307,1.00000,0.76102,77.84575,306.11889,396.77296,1
2,19.01000,4.71159,1857.52620,4.71843,0.47948,1.52040,0.50198,0.87105,1.57583,0.05350,0.70640,-0.35759,1.27995,0.73755,3.14531,6.25329,1.80580,1.00000,0.74892,83.27032,268.54148,405.63370,1
2,19.51000,3.46526,1041.76064,4.63173,0.46410,0.58477,0.33443,0.92626,1.74522,0.06988,0.65302,-0.31585,1.28444,0.69634,1.62332,6.89092,1.70557,1.00000,0.77123,86.87983,233.36519,409.85778,1
2,20.01000,4.29425,1236.67619,5.40307,0.28666,1.98821,0.62102,0.90260,1.95409,0.08781,0.61796,-0.25574,1.33427,0.66095,0.90008,12.28449,1.90649,0.99739,0.77709,87.32439,211.79111,403.78259,1
2,20.51000,5.58827,2195.33598,6.87020,0.22924,2.45603,0.86649,0.89139,2.06631,0.10094,0.75935,-0.35194,1.22735,0.62075,1.89515,16.09684,1.84746,0.99739,0.75473,88.40973,212.27148,399.79556,1
2,21.01000,6.86252,3113.44548,8.00904,0.13282,2.80689,0.40634,0.89577,2.26563,0.10722,0.72720,-0.29819,1.19754,0.55447,3.33314,20.43651,1.70248,0.99608,0.71993,89.54959,225.65222,387.79704,1
2,21.51000,6.92822,3228.20499,6.32571,0.10758,1.16954,0.27914,0.96801,2.18554,0.10072,0.72875,-0.35005,1.24251,0.64334,4.27775,14.93096,1.54248,0.99869,0.72827,91.17386,233.79037,386.92185,1
2,22.01000,4.90726,2620.35071,4.03311,0.15907,1.05258,0.33603,0.73112,2.39764,0.11769,0.52647,-0.18464,1.39559,0.73683,3.19933,7.95771,1.59040,0.99869,0.75040,90.86409,237.57222,379.33407,1
2,22.51000,2.80531,1264.42727,2.22217,0.23435,0.58477,0.11891,0.61854,2.05489,0.10601,0.43428,-0.16141,1.52408,0.85664,1.69973,1.96168,1.77166,1.00000,0.78138,88.57288,249.16296,381.48519,1
2,23.01000,1.63399,483.93838,2.06867,0.14878,1.28649,0.37072,0.80218,2.12734,0.10672,0.33315,-0.05614,1.54998,0.84346,0.74337,1.54915,1.59056,1.00000,0.78743,87.78575,262.52333,378.08852,1
2,23.51000,3.59075,1452.73570,2.20295,0.21080,0.81868,0.11524,0.83183,1.90564,0.09280,0.53758,-0.14621,1.41691,0.76651,1.82551,2.10593,1.37766,1.00000,0.79531,88.64480,261.40815,390.70370,1
2,24.01000,5.13475,2034.26456,2.76457,0.22814,1.63735,0.51555,0.88129,1.74410,0.08754,0.65152,-0.31087,1.36341,0.75143,3.09288,4.13835,1.41752,0.99869,0.76764,89.61098,259.06037,397.94556,1
2,24.51000,5.67691,2097.63533,2.89382,0.26486,1.75430,0.68484,0.88390,1.64699,0.07483,0.88020,-0.51775,1.35123,0.74972,3.85038,5.08206,1.53556,0.99869,0.76254,89.57208,262.78556,405.09259,1
2,25.01000,5.09376,1808.95468,3.57311,0.18752,1.16954,0.25954,0.88123,1.64132,0.06458,0.84436,-0.52258,1.33171,0.78050,3.71437,7.78533,1.50932,0.99869,0.75967,88.28113,271.17704,394.48259,1
2,25.51000,5.05593,1488.21838,3.55446,0.08300,1.63735,0.52977,0.93222,1.86258,0.06746,0.77455,-0.46327,1.32823,0.72543,2.49711,7.22357,1.93125,1.00000,0.77135,86.12999,268.94407,369.48741,1
2,26.01000,7.10056,2747.37475,4.60022,0.49534,2.10516,0.72936,0.91059,2.14242,0.10075,0.73717,-0.41370,1.35002,0.66960,2.64176,14.11276,3.03268,0.97778,0.73508,79.43636,249.60167,375.11833,1
2,26.51000,8.79516,3166.72491,4.82053,0.90038,0.93563,0.21170,0.90807,2.00791,0.09115,0.98815,-0.82241,1.67935,0.69709,2.64055,27.89894,3.48131,0.97778,0.71830,67.98974,228.11537,390.93574,1
2,27.01000,9.37628,3532.97374,4.07574,0.98117,0.81868,0.28441,0.92065,1.84006,0.09338,1.15070,-0.91424,1.72254,0.72740,4.19350,29.47935,2.99089,0.97778,0.74334,66.01671,212.61944,421.66426,1
2,27.51000,7.56996,2679.68740,3.08665,0.97348,0.58477,0.31705,0.90303,1.52534,0.05893,1.14112,-0.94132,1.70114,0.77393,3.72076,22.26846,1.90587,1.00000,0.79011,70.41879,205.94370,419.50556,1
2,28.02000,5.42475,2115.73313,1.93529,0.26272,2.68993,0.54329,0.90589,1.45322,0.05367,0.90083,-0.64406,1.41692,0.71502,3.10522,6.99474,1.59691,1.00000,0.81141,81.49831,202.83778,413.41444,1
2,28.52000,4.16733,1176.09289,2.37198,0.26896,2.92384,0.53555,0.83280,1.38863,0.03890,0.85506,-0.64620,1.34600,0.71550,1.97012,4.36707,1.66452,1.00000,0.81052,86.41849,199.26333,403.48444,1
2,29.02000,3.42774,1036.56550,2.37431,0.36371,2.68993,0.56005,0.85957,1.36949,0.03665,0.88906,-0.70582,1.32766,0.74422,1.79535,5.14131,2.01054,1.00000,0.81111,90.62315,218.98296,385.61556,1
2,29.52000,2.43831,723.69675,2.15705,0.39500,0.70172,0.06930,0.85940,1.34098,0.02320,0.98215,-0.86346,1.44219,0.83085,1.41562,5.40691,1.85998,1.00000,0.82068,95.59067,248.09926,353.55537,1
3,0.00000,0.44792,235.10416,0.56962,0.13303,0.81868,0.10735,0.95753,1.31986,0.00155,1.00404,-0.99485,1.49824,0.76733,0.19054,1.95650,1.05653,1.00000,0.80670,57.96447,905.33574,407.28259,1
3,0.50000,0.48119,231.23705,0.57955,0.16331,0.81868,0.16655,0.94912,1.32013,0.00159,0.99522,-0.98721,1.48807,0.77061,0.18720,1.69424,1.14903,1.00000,0.80760,58.50254,906.43593,403.32630,1
3,1.00000,0.45923,211.93173,0.51406,0.13127,1.75430,0.69896,0.93071,1.32004,0.00206,0.98775,-0.97801,1.49161,0.77804,0.17826,1.75748,1.03418,1.00000,0.80527,59.11487,911.26037,392.87000,1
3,1.50000,0.35183,136.44370,0.56851,0.30572,0.81868,0.26675,0.94013,1.31996,0.00201,0.99721,-0.98654,1.52352,0.79642,0.16093,1.80118,0.85631,1.00000,0.81001,58.73103,914.49556,383.65148,1
3,2.00000,0.30459,134.81304,0.53988,0.26430,0.93563,0.28947,0.94903,1.32050,0.00227,1.01644,-1.00562,1.56032,0.82096,0.16528,1.83823,0.57813,1.00000,0.81180,58.15270,914.22074,377.97111,1
3,2.50000,0.26107,120.78406,0.54872,0.15377,0.58477,0.51017,0.94986,1.31996,0.00183,1.02581,-1.01624,1.58935,0.84050,0.16003,1.72740,0.47972,1.00000,0.81346,57.15998,910.05852,375.70148,1
3,3.00000,0.27555,121.81055,0.50521,0.17047,0.81868,0.13623,0.92165,1.32059,0.00195,1.02724,-1.01780,1.57660,0.83050,0.13697,1.77216,0.42602,1.00000,0.79627,57.11493,905.22370,376.77593,1
3,3.50000,0.26240,122.41670,0.54060,0.16399,0.58477,0.20083,0.92969,1.32065,0.00210,1.02042,-1.01114,1.55337,0.80956,0.11594,1.66517,0.51287,1.00000,0.78519,56.96435,903.48148,376.18778,1
3,4.00000,0.28761,133.48148,0.56548,0.22377,2.68993,0.52624,0.96314,1.32019,0.00232,1.01677,-1.00717,1.54803,0.79634,0.11541,1.12019,0.60021,1.00000,0.77234,56.61831,901.35593,373.47407,1
3,4.50000,0.32728,180.17114,0.62155,0.21058,2.57298,0.54004,0.93013,1.31997,0.00231,1.01928,-1.00990,1.53767,0.78881,0.13645,0.69272,0.61476,1.00000,0.77625,56.53118,900.51630,369.41444,1
3,5.00000,1.10360,509.52408,0.81807,0.29801,0.58477,0.28369,0.62204,1.35836,0.00927,0.97326,-0.95377,1.51644,0.76636,0.26412,1.89450,0.76927,1.00000,0.77469,56.46581,897.76519,366.40704,1
3,5.50000,3.55223,3037.89515,1.80184,0.47988,0.81868,0.14285,0.59300,1.84277,0.04969,0.88024,-0.74065,1.40001,0.71062,2.04948,10.64545,0.96237,1.00000,0.74762,57.81839,897.45963,365.46333,1
3,6.00000,7.05903,4580.71932,3.77020,0.80302,1.75430,0.50774,0.92060,2.70481,0.08946,0.80188,-0.39023,1.28031,0.62038,3.59264,16.67642,1.49318,0.99739,0.69582,60.62640,910.68704,362.15259,1
3,6.50000,8.47579,4923.82594,5.43244,0.83790,2.80689,0.31579,0.91600,2.78166,0.11444,0.78545,-0.29837,1.32837,0.64905,5.09126,20.05505,1.79119,0.99739,0.67002,62.56333,933.57296,368.26370,1
3,7.00000,8.51760,4579.71097,5.01045,1.31547,0.81868,0.12718,0.90560,2.71574,0.10687,0.79168,-0.33147,1.33826,0.65723,5.47982,13.99496,2.03589,0.99739,0.69787,67.25094,946.07481,380.64667,1
3,7.50000,7.23234,3337.41850,3.76485,1.27213,2.33907,0.42102,0.94240,2.14926,0.10225,0.76923,-0.47293,1.42565,0.72682,5.46022,9.75145,1.95424,1.00000,0.73846,68.02026,942.20556,393.24444,1
3,8.00000,7.10517,2928.15470,3.20097,1.25003,2.80689,0.56352,0.91108,2.34392,0.09795,0.78969,-0.42209,1.38940,0.70818,4.74411,7.97866,1.90792,1.00000,0.76376,66.81868,925.94630,388.92111,1
3,8.50000,6.64260,2512.94586,4.14797,1.11486,1.05258,0.45902,0.91209,2.06575,0.10035,0.74407,-0.39318,1.49246,0.75153,4.22659,7.72292,2.01988,1.00000,0.75299,60.49914,907.91963,379.47185,1
3,9.00000,7.34309,2981.37085,4.46699,1.02163,0.81868,0.35240,0.90957,1.95358,0.10124,0.76848,-0.35293,1.49685,0.76921,4.60334,8.36650,2.12474,1.00000,0.73719,57.84069,879.82370,374.92630,1
3,9.51000,7.24543,3067.00902,5.38066,1.34139,1.05258,0.38521,0.87321,1.86106,0.10040,0.68621,-0.28064,1.42266,0.70278,5.11510,6.61612,2.32486,1.00000,0.72378,59.44537,855.16000,375.97852,1
3,10.01000,7.86268,3102.30144,4.97659,0.66282,1.40344,0.45933,0.89446,2.00174,0.09725,0.72499,-0.19152,1.30517,0.65575,4.48860,6.85347,2.29687,1.00000,0.71149,62.79623,854.30704,378.90259,1
3,10.51000,7.26099,3312.06086,4.60261,0.51518,0.81868,0.33726,0.96337,2.40294,0.11256,0.74512,-0.27897,1.24407,0.57388,3.55748,15.09763,2.54416,0.99346,0.68807,64.18588,873.01593,389.15889,1
3,11.01000,6.99443,3265.05323,3.34670,0.48856,0.93563,0.21829,0.91138,2.25296,0.10202,0.77804,-0.43359,1.26312,0.59430,2.72583,24.87517,2.76089,0.99216,0.67807,63.96848,893.51963,401.03778,1
3,11.51000,7.06419,3432.15581,3.77677,0.61088,0.93563,0.32004,0.84676,2.16768,0.10495,0.75149,-0.53552,1.30359,0.62940,3.16301,30.54585,2.46876,0.99216,0.69202,65.07918,900.85037,398.25704,1
3,12.01000,6.99547,3030.85058,3.79444,0.61701,1.05258,0.36188,0.91507,1.82784,0.07893,0.70389,-0.50447,1.39609,0.71741,3.49419,23.61999,1.90922,0.99869,0.73773,66.50001,896.56481,388.61333,1
3,12.51000,7.12055,3266.33836,4.17855,0.58279,0.70172,0.16711,0.92648,2.58498,0.10933,0.62968,-0.29961,1.42423,0.74663,3.77591,13.29507,1.46369,1.00000,0.72433,65.58405,882.64778,372.71667,1
3,13.01000,6.85576,2610.74267,3.53264,0.53602,2.45603,0.58636,0.88292,2.74031,0.09941,0.64933,-0.24365,1.39628,0.72178,3.21898,7.26147,1.77289,1.00000,0.73059,63.64431,865.67630,373.07259,1
3,13.51000,5.95726,2128.19229,3.68770,0.39111,1.98821,0.85771,0.77690,2.30511,0.08830,0.66337,-0.22749,1.36740,0.70353,2.74672,8.93914,1.95018,1.00000,0.70800,60.18138,849.96185,366.54778,1
3,14.01000,6.08013,2098.14516,2.98650,0.58058,0.93563,0.40693,0.85113,2.20578,0.09153,0.70763,-0.28156,1.38348,0.72338,2.88143,9.61633,2.00775,1.00000,0.73731,59.05472,845.99593,367.10889,1
3,14.51000,5.63460,2339.07364,3.07184,0.52588,0.93563,0.19629,0.96036,1.91460,0.07232,0.66402,-0.35524,1.47661,0.76251,3.14734,8.38323,1.71258,1.00000,0.72923,56.98008,844.53296,363.63222,1
3,15.01000,6.16197,2805.24350,2.80866,0.82836,0.58477,0.10513,0.88087,2.28347,0.09394,0.59586,-0.28041,1.44989,0.75461,3.38751,3.78373,1.63884,1.00000,0.74181,57.80478,837.63000,364.33519,1
3,15.51000,6.07791,2680.21616,3.21905,0.76575,0.93563,0.26540,0.93063,1.97890,0.07666,0.59996,-0.35364,1.31161,0.67286,3.11095,3.09854,1.47790,1.00000,0.73664,57.72457,821.79593,360.89296,1
3,16.01000,5.52726,2485.09145,3.35237,0.90240,1.52040,0.55232,0.87065,2.13537,0.09605,0.67653,-0.38980,1.20676,0.60246,3.06413,3.76513,1.61540,1.00000,0.73703,56.38294,808.53741,356.82296,1
3,16.51000,4.03868,1791.95626,3.70346,0.76531,0.81868,0.45158,0.86674,1.64990,0.05409,0.79550,-0.63084,1.18860,0.56979,2.21336,4.82868,1.45934,1.00000,0.75658,53.78908,805.11593,354.33407,1
3,17.01000,2.79764,1435.90423,3.55181,0.44487,0.58477,0.24092,0.75110,1.47992,0.03802,0.83459,-0.74017,1.27361,0.59744,2.18400,5.04117,1.27067,1.00000,0.77158,52.94468,811.41407,358.06296,1
3,17.51000,3.35005,2063.49113,3.36926,0.64687,2.57298,0.61607,0.73526,1.45441,0.03461,0.81111,-0.74194,1.28799,0.62561,2.83447,5.87648,1.28851,0.99869,0.76836,54.89674,815.91259,369.36593,1
3,18.01000,4.69517,2760.63897,3.73895,0.72515,2.57298,0.56560,0.75527,1.63128,0.05253,0.77213,-0.62159,1.27305,0.64962,4.79040,6.15751,1.40676,0.99608,0.74188,57.26190,815.56704,383.47074,1
3,18.51000,5.53666,3580.49219,3.81821,0.58420,2.33907,0.55999,0.85590,1.63533,0.05457,0.74480,-0.55793,1.32034,0.72046,5.81684,6.53298,1.55177,0.99608,0.71174,58.20716,815.44296,391.35370,1
3,19.01000,4.87155,3212.13269,4.02566,0.56937,0.70172,0.27356,0.87016,1.59242,0.05314,0.71680,-0.51843,1.35637,0.72060,4.56699,7.14993,1.56213,0.99739,0.70637,58.49553,813.66111,393.10926,1
3,19.51000,4.12143,2641.49109,4.03135,0.50807,0.93563,0.30757,0.96228,1.52035,0.05270,0.70384,-0.48588,1.40473,0.73700,2.56850,7.24005,1.64390,1.00000,0.70840,57.79751,809.52556,389.76963,1
3,20.01000,4.08307,1412.01300,3.70593,0.48484,0.93563,0.54886,0.93537,1.63479,0.07073,0.65809,-0.43611,1.43802,0.73664,1.25135,9.84614,1.71429,1.00000,0.72850,57.17408,803.48889,387.27074,1
3,20.51000,4.37816,2270.64581,4.07874,0.62706,2.57298,0.72931,0.93134,1.70033,0.06849,0.69798,-0.50523,1.45648,0.77209,1.94442,10.22611,1.78795,1.00000,0.71497,55.55382,805.59333,386.05481,1
3,21.01000,6.09372,2928.44317,4.70723,0.71011,0.58477,0.28324,0.84517,1.83059,0.07479,0.66054,-0.27852,1.42698,0.70811,2.57639,14.10848,1.75654,0.99216,0.66352,56.29510,816.65889,381.75481,1
3,21.51000,6.57513,3035.73123,4.86225,1.07089,1.05258,0.33008,0.93600,1.77967,0.08841,0.74272,-0.37874,1.37697,0.68346,2.74107,13.90693,1.96436,0.99216,0.67204,59.16460,822.62741,381.59037,1
3,22.01000,5.65275,2405.31231,4.47125,0.67578,0.81868,0.22645,0.94737,1.76031,0.08067,0.59943,-0.20773,1.35375,0.66538,1.74363,11.67110,1.98387,0.99216,0.69268,62.93156,827.76185,378.89222,1
3,22.51000,3.42038,1594.58429,3.35983,0.50649,0.70172,0.32673,0.81356,1.77088,0.07941,0.50677,-0.29668,1.38908,0.73412,1.54922,5.82153,2.06647,1.00000,0.75061,63.28532,830.35889,383.33852,1
3,23.01000,2.73735,1325.06609,3.18903,0.47473,0.70172,0.11324,0.81255,1.92568,0.09379,0.38217,-0.11340,1.37906,0.72537,1.88356,3.86912,1.91841,1.00000,0.74504,62.43450,834.90519,385.51148,1
3,23.51000,3.84983,1720.97741,2.90080,0.37219,0.70172,0.14852,0.86277,1.90798,0.09279,0.53266,-0.17529,1.40063,0.72938,3.20185,4.34453,1.89560,1.00000,0.74637,62.33969,837.83000,392.89481,1
3,24.01000,5.66693,2560.89417,3.23888,0.39129,3.04079,0.37469,0.88983,1.99261,0.09199,0.62247,-0.28817,1.43194,0.71277,3.96156,5.61416,1.79397,0.98954,0.70952,63.04200,838.90037,393.14556,1
3,24.51000,6.19668,2956.47696,3.16569,0.49432,1.40344,0.41790,0.81380,1.91308,0.06914,0.73998,-0.39408,1.47542,0.72534,4.13876,7.86217,1.96939,0.98954,0.69047,62.28982,836.30593,394.65259,1
3,25.01000,6.29790,3793.54094,4.09129,0.59264,1.16954,0.28236,0.81347,2.29441,0.08707,0.71577,-0.42146,1.42476,0.71093,4.26951,10.84130,1.96309,0.98954,0.66131,59.23367,824.50889,383.55593,1
3,25.51000,6.02904,3403.16941,4.24363,0.47737,1.40344,0.42371,0.87286,2.29815,0.10633,0.70353,-0.44600,1.29879,0.70674,3.31380,11.54615,2.16530,1.00000,0.67933,57.82266,809.89037,372.89074,1
3,26.01000,7.84224,3557.90297,5.11516,2.74877,2.10516,0.76370,0.85498,2.24198,0.11948,0.76896,-0.55508,1.40699,0.76484,2.89624,25.07138,2.63415,0.97908,0.66635,52.83918,797.76630,367.84259,1
3,26.51000,8.45047,2787.04558,4.48198,3.95509,0.93563,0.29467,0.85649,1.93802,0.09739,1.01111,-0.88790,1.66533,0.86417,2.08293,41.09544,2.47103,0.97908,0.69282,47.43389,789.66481,372.60593,1
3,27.01000,8.94908,3436.66446,3.34212,3.56391,0.81868,0.07054,0.86868,1.92214,0.10015,1.00921,-0.84279,1.72529,0.84892,3.28869,43.46066,1.97315,0.97778,0.70352,45.62961,787.60111,383.36778,1
3,27.51000,7.09412,3238.35223,2.13926,3.58714,0.58477,0.29151,0.91230,1.72998,0.06604,0.91380,-0.72998,1.54738,0.75634,3.81802,28.15169,1.15445,0.99869,0.73144,50.10439,788.07926,385.59259,1
3,28.02000,5.80607,3054.84941,1.30450,0.71937,0.58477,0.36099,0.92017,1.76101,0.07740,0.63485,-0.39781,1.28202,0.61927,3.54419,9.33481,1.22450,0.99869,0.74731,56.57450,787.91296,384.86333,1
3,28.52000,4.34335,2381.20206,1.27682,0.49159,3.15775,0.41265,0.92928,1.48945,0.04563,0.66291,-0.44719,1.27214,0.59972,2.86377,7.67212,1.60206,1.00000,0.76189,59.07292,787.35778,376.42667,1
3,29.02000,3.29490,1809.54062,1.18732,0.51742,0.58477,0.18093,0.87951,1.42168,0.04360,0.71607,-0.54153,1.28271,0.60374,2.27440,8.84412,1.91036,1.00000,0.76006,59.33646,796.90074,361.37778,1
3,29.52000,2.81589,1699.96266,1.19971,0.51393,0.70172,0.13767,0.91982,1.36380,0.02330,0.84109,-0.72095,1.29836,0.63059,2.42213,10.66549,1.75349,1.00000,0.73324,59.98691,807.77426,335.97833,1
8,1.50000,2.27911,2867.48793,1.63111,1.27192,0.70172,0.10943,0.85664,1.32388,0.00547,1.35805,-1.25213,0.80199,0.30464,3.18967,4.21788,1.53758,0.91895,0.51943,31.95515,1144.36080,413.58598,0
8,2.00000,1.06647,831.03302,1.45006,1.26033,0.70172,0.05516,0.95309,1.32448,0.00445,1.37689,-1.27641,0.82645,0.14124,1.01928,6.70143,0.93942,0.99739,0.60478,32.18183,1143.12333,407.81111,0
8,2.50000,0.84971,664.18003,1.04010,0.51050,4.32728,0.13743,0.95149,1.32181,0.00404,1.34922,-1.24322,0.76707,-0.00361,0.88245,8.85745,0.76146,1.00000,0.62696,32.90607,1139.01630,406.59185,0
8,3.00000,0.81247,599.88475,1.20774,0.29364,1.40344,0.33233,0.93152,1.32160,0.00373,1.33057,-1.22942,0.73141,-0.01065,0.89507,9.00044,0.63811,1.00000,0.63283,33.14844,1132.47889,407.71037,0
8,3.50000,0.79689,584.78256,0.96159,0.30877,1.52040,0.37115,0.94535,1.32276,0.00429,1.33527,-1.23414,0.67576,-0.03151,0.85447,7.74358,0.71832,1.00000,0.63841,33.22645,1128.97407,407.37815,0
8,4.00000,0.87980,655.32309,0.75398,0.17366,1.28649,0.24307,0.88441,1.32262,0.00439,1.32953,-1.23445,0.66155,-0.03276,0.99667,7.16084,0.78059,0.99869,0.61847,33.24070,1124.85037,404.92185,0
8,4.50000,0.79768,644.49199,0.62457,0.33112,0.81868,0.13932,0.91722,1.32278,0.00407,1.33969,-1.24450,0.66389,-0.03685,0.84010,7.39333,0.90357,0.99869,0.62058,32.99910,1122.38407,400.19296,0
8,5.00000,0.71380,560.47485,0.67340,0.54690,0.93563,0.26712,0.90100,1.32030,0.00257,1.33642,-1.24250,0.68713,-0.01200,0.63661,7.94771,1.06079,0.99869,0.60402,32.44129,1117.80296,395.58667,0
8,5.50000,0.84468,1401.69917,0.95101,0.41036,1.16954,0.17804,0.84144,1.32175,0.00197,1.34757,-1.25439,0.72206,-0.01090,0.90343,8.27887,1.04836,1.00000,0.61373,32.05337,1111.82778,391.48556,0
8,6.00000,1.42444,2298.78873,1.34664,0.80752,0.70172,0.09843,0.85509,1.32120,0.00338,1.31293,-1.20738,0.72438,0.11145,1.95441,7.74347,0.87092,0.99739,0.57996,32.24374,1106.63852,391.39000,0
8,6.50000,1.52383,2316.97191,2.19929,0.62406,0.58477,0.39418,0.89581,1.32173,0.00545,1.28377,-1.17173,0.70795,0.24232,2.16390,7.19382,0.64864,0.99739,0.55949,32.55639,1102.25852,392.71815,0
8,7.00000,1.37195,1918.98925,2.15391,0.37485,2.92384,0.28919,0.87297,1.32256,0.00742,1.28156,-1.16279,0.67099,0.30179,1.78816,7.51555,0.60053,0.99739,0.52774,32.83362,1100.75519,395.54111,0
8,7.50000,0.90857,712.93153,1.69517,0.45610,0.58477,0.22178,0.92223,1.32312,0.00659,1.29487,-1.18547,0.68537,0.18841,0.93431,8.55192,0.55181,1.00000,0.53873,32.40189,1098.01296,397.30296,0
8,8.00000,0.90976,787.25658,0.83112,0.39451,2.22212,0.53634,0.89294,1.32547,0.00622,1.31743,-1.21247,0.67761,0.04093,1.00701,8.91047,0.68988,1.00000,0.55286,32.21901,1095.82815,397.02148,0
8,8.50000,0.96052,781.80122,0.60618,0.22624,1.87126,0.26416,0.92046,1.32478,0.00588,1.30188,-1.20098,0.67917,-0.02297,1.18883,8.70743,0.72963,1.00000,0.57869,31.98216,1091.87074,397.48481,0
8,9.00000,0.80899,710.65725,0.70242,0.40503,3.15775,0.23598,0.89445,1.32334,0.00535,1.28516,-1.19244,0.67169,-0.04604,0.97657,9.00647,0.69793,1.00000,0.60295,32.28435,1089.45000,398.22222,0
8,9.51000,1.58325,2069.14502,1.04510,0.91476,1.28649,0.37548,0.70321,1.34309,0.01082,1.26187,-1.17346,0.70903,-0.00610,2.18591,8.66425,1.07252,0.98170,0.58733,31.95724,1090.72667,399.01444,0
8,10.01000,1.49144,2053.74812,1.12809,0.93542,2.33907,0.40900,0.87757,1.34437,0.01053,1.26892,-1.18430,0.72329,-0.01519,1.95527,8.24479,1.05216,0.98170,0.59945,31.75351,1090.32519,399.29556,0
8,10.51000,1.57680,2055.62312,1.03620,0.94319,0.81868,0.33106,0.81119,1.34523,0.01083,1.27353,-1.18721,0.70176,-0.04232,2.09186,8.63682,1.07512,0.98170,0.61108,31.66909,1087.45926,397.91481,0
8,11.01000,0.79380,547.09425,0.99070,0.68767,1.40344,0.44709,0.95579,1.32403,0.00419,1.29454,-1.21366,0.62319,-0.13045,0.67259,9.01044,0.84590,0.99869,0.64435,31.76861,1077.66630,396.15704,0
8,11.51000,0.69531,514.90459,0.90754,1.23951,1.05258,0.23897,0.93746,1.32255,0.00303,1.25714,-1.17862,0.49289,-0.27829,0.62140,9.19303,0.93697,0.99869,0.67055,32.56653,1068.11148,394.42222,0
8,12.01000,0.67184,414.75090,0.91136,1.58080,0.58477,0.06792,0.85801,1.32186,0.00161,1.22331,-1.15120,0.40666,-0.35328,0.48094,8.40383,0.86354,0.99869,0.68348,33.24986,1059.09222,393.78111,0
8,12.51000,0.54393,297.99030,0.53777,0.66220,0.70172,0.07216,0.90035,1.32011,0.00188,1.19387,-1.13029,0.37147,-0.38045,0.36492,8.86252,0.58774,1.00000,0.71963,34.46729,1053.77778,395.20296,0
8,13.01000,0.62041,343.44693,0.52608,0.42592,0.70172,0.06736,0.90881,1.32131,0.00270,1.18908,-1.13698,0.38601,-0.32779,0.39391,9.68743,0.43398,1.00000,0.71523,34.99450,1051.03889,397.26741,0
8,13.51000,0.61214,439.71438,0.52757,0.37231,0.70172,0.12558,0.92794,1.32190,0.00308,1.17378,-1.12881,0.37459,-0.33603,0.44358,9.88324,0.46891,1.00000,0.70286,35.18774,1049.38259,399.42519,0
8,14.01000,0.61995,443.42839,0.56633,0.41606,0.70172,0.09724,0.86059,1.32110,0.00203,1.15317,-1.10511,0.33055,-0.39586,0.43627,9.76735,0.46106,1.00000,0.70529,35.44395,1046.39741,401.09667,0
8,14.51000,0.56841,425.65205,0.57380,0.78453,0.58477,0.07130,0.91335,1.32065,0.00201,1.14086,-1.08617,0.30788,-0.40619,0.40875,9.79442,0.51508,1.00000,0.71555,35.92918,1042.46815,401.62185,0
8,15.01000,0.64178,480.61133,0.52043,0.92592,0.70172,0.12599,0.85522,1.32206,0.00325,1.12127,-1.06327,0.28908,-0.39682,0.47519,9.48586,0.51490,1.00000,0.69875,36.98548,1038.02852,402.47741,0
8,15.51000,0.88180,792.65116,0.43459,0.70496,0.58477,0.11686,0.91947,1.32278,0.00541,1.10739,-1.05181,0.31280,-0.34486,0.95274,9.93334,0.44941,1.00000,0.66027,37.34330,1035.65148,403.42481,0
8,16.01000,0.96526,804.17005,0.40455,1.16913,0.70172,0.16818,0.90161,1.32357,0.00541,1.13414,-1.08122,0.36281,-0.29216,1.01653,9.78616,0.52153,1.00000,0.64798,36.69567,1035.26037,404.12519,0
8,16.51000,0.86126,717.50833,0.36293,0.82434,0.58477,0.22084,0.88250,1.32163,0.00421,1.18083,-1.12744,0.40454,-0.24920,0.86450,10.98849,0.50332,1.00000,0.67041,35.71595,1038.38519,406.63963,0
8,17.01000,0.68644,427.10767,0.39149,0.30515,1.52040,0.46802,0.89998,1.32134,0.00288,1.20608,-1.14951,0.42638,-0.23331,0.54170,11.25448,0.54356,1.00000,0.68710,35.05335,1042.33926,410.35148,0
8,17.51000,0.67557,501.21723,0.38171,0.33660,4.91205,0.14021,0.84247,1.32037,0.00279,1.20180,-1.14134,0.42729,-0.22845,0.60809,11.03836,0.44818,1.00000,0.67692,34.97837,1045.80259,415.63741,0
8,18.01000,0.73995,580.22773,0.54394,0.27200,0.58477,0.23017,0.85431,1.32057,0.00272,1.22087,-1.16038,0.43513,-0.22005,0.64665,10.10856,0.54781,1.00000,0.65239,34.93261,1045.87481,420.24815,0
8,18.51000,0.61978,512.36637,0.64908,0.35743,0.70172,0.20891,0.77776,1.32084,0.00239,1.24738,-1.18679,0.44912,-0.21109,0.51017,9.69509,0.74136,1.00000,0.63812,34.68348,1042.89222,423.56370,0
8,19.01000,0.56772,433.87894,0.69969,0.36364,0.70172,0.10794,0.95344,1.32105,0.00225,1.24280,-1.18466,0.45256,-0.22438,0.39810,9.56206,0.71648,1.00000,0.62417,34.71451,1039.47407,426.26185,0
8,19.51000,0.52289,416.38912,0.56025,0.36233,0.58477,0.07496,0.92921,1.32051,0.00178,1.23083,-1.16912,0.48144,-0.20933,0.43984,9.00835,0.60487,1.00000,0.62392,34.28844,1035.89519,425.96185,0
8,20.01000,0.60745,458.30325,0.58164,0.39107,0.70172,0.06371,0.91952,1.32124,0.00219,1.24286,-1.18124,0.49061,-0.19708,0.41726,7.61650,0.42412,1.00000,0.61450,34.20495,1033.78259,424.77852,0
8,20.51000,0.62305,488.72935,0.53729,0.28476,0.81868,0.16334,0.95719,1.32118,0.00236,1.26215,-1.19946,0.49774,-0.18199,0.41769,6.99398,0.43997,1.00000,0.61179,34.04032,1032.35630,422.24519,0
8,21.01000,0.69105,526.43583,0.62661,0.26150,0.58477,0.32451,0.81363,1.32167,0.00228,1.25272,-1.18715,0.48664,-0.19180,0.44092,7.55768,0.49718,1.00000,0.59047,34.12156,1031.63741,419.87185,0
8,21.51000,0.75131,583.29675,0.53813,0.28028,0.70172,0.16277,0.91842,1.31989,0.00141,1.21741,-1.15244,0.48816,-0.19752,0.58301,8.20297,0.59301,1.00000,0.57724,34.11891,1030.02037,417.38444,0
8,22.01000,0.77543,567.45022,0.67313,0.38368,0.58477,0.15230,0.92167,1.32051,0.00252,1.23147,-1.16694,0.49823,-0.18948,0.58442,7.48248,0.59508,1.00000,0.57140,33.77041,1026.59778,416.10259,0
8,22.51000,0.70683,472.51226,0.60769,0.48692,0.58477,0.39996,0.89663,1.32146,0.00264,1.26192,-1.20149,0.49475,-0.18766,0.45996,7.65717,0.49590,1.00000,0.60520,33.80602,1024.08148,416.25630,0
8,23.01000,0.64381,405.37738,0.56338,0.93476,0.70172,0.12021,0.97517,1.32232,0.00314,1.24824,-1.18990,0.45510,-0.21259,0.35622,8.25664,0.46571,1.00000,0.61171,34.48667,1023.94407,418.23074,0
8,23.51000,0.57334,380.04645,0.40281,0.64631,0.58477,0.05845,0.96393,1.32042,0.00210,1.20238,-1.14691,0.41778,-0.23524,0.31465,10.22054,0.44254,1.00000,0.60891,35.40478,1027.19407,419.51630,0
8,24.01000,0.53541,399.63326,0.45323,0.68295,0.70172,0.05014,0.93935,1.32030,0.00225,1.19582,-1.14307,0.43310,-0.21264,0.32485,9.39910,0.51015,1.00000,0.58946,35.39843,1028.43333,418.64593,0
8,24.51000,0.46478,349.99273,0.48537,0.96604,0.58477,0.07163,0.94051,1.32094,0.00209,1.22367,-1.16913,0.48709,-0.17520,0.30044,8.98311,0.41460,1.00000,0.60936,34.45979,1027.74481,416.05444,0
8,25.01000,0.49170,335.19268,0.50821,0.58456,0.70172,0.24597,0.88714,1.32186,0.00380,1.24257,-1.18818,0.51111,-0.15795,0.35348,7.61332,0.40153,1.00000,0.63648,33.85226,1023.57148,413.11370,0
8,25.51000,0.50337,310.74269,0.43433,0.59864,2.92384,0.32143,0.94809,1.32140,0.00455,1.23796,-1.18251,0.50909,-0.17253,0.37912,8.51939,0.38189,1.00000,0.66264,33.59490,1020.32111,411.12148,0
8,26.01000,0.53459,328.46291,0.42526,0.51765,2.80689,0.37212,0.85662,1.32173,0.00452,1.23325,-1.17872,0.49536,-0.18925,0.41454,8.83556,0.44109,1.00000,0.67126,33.57363,1016.93074,409.61481,0
8,26.51000,0.48181,304.20859,0.34874,0.35397,0.70172,0.19507,0.93246,1.32008,0.00343,1.22402,-1.16941,0.49217,-0.20161,0.36422,9.61983,0.41924,1.00000,0.67109,33.32200,1014.03519,407.50000,0
8,27.01000,0.44368,267.26586,0.33318,0.63110,0.58477,0.07489,0.90392,1.32071,0.00238,1.24492,-1.18653,0.48857,-0.20821,0.34134,10.04166,0.38802,1.00000,0.67629,32.87920,1012.12889,405.71926,0
8,27.51000,0.87893,1565.13740,0.44484,0.83913,0.58477,0.09175,0.72942,1.32125,0.00285,1.26744,-1.20406,0.48671,-0.20618,0.37055,10.92999,0.37455,1.00000,0.68386,32.60538,1011.32741,403.71556,0
8,28.02000,3.97076,4976.06350,0.91146,1.51178,0.70172,0.12006,0.77705,1.32233,0.00247,1.26842,-1.19242,0.47829,-0.12415,2.14034,12.49643,0.60671,0.99608,0.61816,33.36597,1013.98481,401.50185,0
8,28.52000,4.89914,5267.96799,1.01716,1.37054,0.58477,0.05550,0.85464,1.32114,0.00215,1.23842,-1.15877,0.47463,-0.10936,2.83457,12.41867,0.83760,0.99608,0.59718,33.95344,1017.24963,395.86704,0
8,29.02000,4.63243,5042.22245,1.07019,1.48748,0.70172,0.03417,0.82784,1.32149,0.00318,1.23337,-1.15389,0.48664,-0.10839,2.83109,11.19255,1.54309,0.99608,0.57015,33.91557,1021.96333,382.68111,0
8,29.52000,2.85216,2220.48506,1.17007,1.19060,1.52040,0.39790,0.53207,1.32304,0.00435,1.25883,-1.18564,0.51128,-0.15978,2.16960,8.76312,1.75992,0.98170,0.58553,32.61413,1025.75648,361.30019,0
9,2.50000,1.78914,1336.38530,1.48471,2.71182,0.58477,0.11788,0.73271,1.33158,0.01036,0.98847,-0.82785,0.46007,0.16049,1.22989,6.58459,1.16457,0.97778,0.57887,42.99556,1235.45296,421.80444,0
9,3.00000,1.26471,871.37787,1.15479,4.00827,0.70172,0.22716,0.92442,1.32371,0.00603,1.03783,-0.95040,0.55087,0.16235,1.41522,4.35681,0.89891,0.99739,0.64580,38.64846,1223.83333,420.89074,0
9,3.50000,1.35735,937.49795,0.84127,2.17636,0.70172,0.19673,0.94023,1.32384,0.00594,1.10514,-1.02016,0.61837,0.18134,1.87647,2.99148,0.82907,1.00000,0.71284,35.15829,1216.38074,418.84185,0
9,4.00000,1.58844,1120.12022,0.73559,1.50592,0.70172,0.38170,0.93953,1.32201,0.00598,1.11856,-1.04412,0.63212,0.19841,2.28399,2.93240,0.86541,1.00000,0.72000,34.64557,1212.09148,416.46556,0
9,4.50000,1.34305,1119.60294,0.73140,0.86750,1.75430,0.31828,0.89089,1.32137,0.00394,1.08697,-1.03202,0.59463,0.20523,1.77548,2.51100,0.92132,1.00000,0.72185,35.44412,1209.34815,412.39000,0
9,5.00000,1.46083,1330.46844,0.86592,0.35422,0.70172,0.07321,0.83495,1.32061,0.00325,1.04964,-1.00102,0.57435,0.20402,1.87489,1.82791,1.10238,1.00000,0.71655,35.70872,1203.81259,408.31778,0
9,5.50000,1.20837,1185.72305,1.03848,0.16932,1.52040,0.53881,0.81563,1.32000,0.00265,1.02491,-0.97647,0.55432,0.20002,1.50512,1.32424,1.06888,1.00000,0.71438,35.27402,1196.45296,403.61222,0
9,6.00000,1.12887,1122.84115,1.21299,0.41411,1.16954,0.25921,0.86395,1.32079,0.00323,1.02593,-0.97676,0.56756,0.20405,1.42960,1.09160,0.90259,1.00000,0.70988,34.96759,1190.35963,402.59333,0
9,6.50000,1.11311,1106.82349,1.28282,0.58094,0.70172,0.08561,0.95458,1.32143,0.00307,1.04457,-0.99698,0.58887,0.20648,1.38343,1.34890,0.70865,1.00000,0.69879,34.44055,1185.71444,402.64926,0
9,7.00000,1.04046,1082.86598,1.25496,0.49688,0.70172,0.13611,0.84411,1.32211,0.00309,1.06706,-1.01896,0.63332,0.20302,1.19887,1.85753,0.64423,1.00000,0.69392,34.26001,1184.48481,404.93593,0
9,7.50000,1.04620,1042.16452,1.23905,0.47832,6.43245,0.13313,0.76907,1.32324,0.00248,1.06576,-1.02193,0.63236,0.20392,1.09640,2.17114,0.63555,1.00000,0.67467,34.27323,1181.31370,407.19444,0
9,8.00000,1.61503,2139.27647,1.35316,1.08549,0.58477,0.11091,0.64550,1.32497,0.00552,1.02615,-0.97003,0.58994,0.16619,1.35088,2.77299,0.78632,0.94902,0.62217,35.14495,1178.85185,408.62019,0
9,8.50000,2.38985,2669.95759,1.30440,1.07493,0.70172,0.10956,0.78980,1.32677,0.00843,0.98352,-0.93040,0.53197,0.14232,1.89897,2.56795,0.96157,0.94902,0.61314,35.55759,1174.55296,410.24278,0
9,9.00000,2.58044,2716.28856,1.47539,1.09469,0.58477,0.11996,0.87051,1.32942,0.00957,0.99443,-0.93554,0.51120,0.14076,2.12008,3.44390,0.91847,0.94902,0.60697,35.48364,1172.10481,411.00722,0
9,9.51000,2.64188,2561.65802,1.79025,1.08853,0.70172,0.14466,0.73974,1.32827,0.00885,1.01759,-0.95513,0.49685,0.15342,2.11209,4.11574,1.34245,0.97778,0.60078,35.70201,1174.33074,412.27741,0
9,10.01000,2.06419,2114.57178,1.81054,0.99527,0.93563,0.16014,0.83689,1.32883,0.00648,1.06636,-0.99568,0.53537,0.19039,1.87924,4.49082,1.21510,0.97778,0.60150,35.44481,1173.62259,411.82000,0
9,10.51000,2.02337,2146.47707,1.75085,0.72986,1.16954,0.30224,0.82124,1.32442,0.00575,1.05920,-0.98046,0.53348,0.17839,1.86836,4.40146,1.22557,0.96863,0.58007,35.87605,1170.77444,410.32889,0
9,11.01000,1.31519,1237.93198,1.38761,0.70423,0.58477,0.16239,0.89948,1.32526,0.00347,1.06499,-1.00606,0.57524,0.21219,1.49906,3.14547,0.86423,0.85621,0.52929,35.43917,1160.46032,407.92143,0
9,11.51000,1.50450,1293.95432,1.31085,0.52884,5.49682,0.11271,0.89946,1.32816,0.00340,1.05330,-0.99693,0.56542,0.21159,1.58889,2.93226,0.93434,0.81046,0.49054,35.31690,1149.21290,405.04861,0
10,3.50000,1.31837,1058.91746,3.24323,1.04779,6.90026,0.12604,0.87587,1.32663,0.00403,1.09207,-0.95481,0.45078,0.03296,1.27296,10.71462,0.72014,0.98693,0.59872,43.82862,1248.49593,433.56259,0
10,4.00000,1.05050,826.70500,2.77941,0.33147,6.54940,0.24638,0.88551,1.32541,0.00463,1.09197,-0.95365,0.40599,-0.00513,0.77519,12.94023,0.76250,0.99216,0.59545,44.88467,1243.52222,431.62222,0
10,4.50000,0.75974,642.23761,2.51099,0.34855,1.87126,0.39973,0.90154,1.32460,0.00396,1.10834,-0.97724,0.38950,-0.02365,0.57588,14.63642,0.86220,0.98431,0.58898,45.34291,1240.34815,426.64926,0
10,15.01000,0.70038,577.94797,0.19479,0.82584,0.58477,0.35729,0.86024,1.32066,0.00196,0.98753,-0.98396,0.02714,-0.30045,0.49682,14.46415,0.53259,0.76209,0.52703,54.27851,1261.02556,455.89259,0
10,15.51000,0.49240,335.02783,0.36032,1.06091,0.70172,0.06276,0.90918,1.32051,0.00155,1.02124,-1.01757,0.04173,-0.29025,0.19208,19.01668,0.43761,0.78824,0.55209,52.70305,1261.35667,454.86741,0
10,16.01000,0.52213,307.37347,0.78474,0.69223,0.58477,0.22263,0.91373,1.32071,0.00232,1.03130,-1.02776,0.11834,-0.23569,0.17869,19.61767,0.54797,0.79739,0.55324,51.87087,1261.22296,456.35741,0
11,14.51000,1.04014,965.35557,2.15525,0.50040,0.70172,0.06188,0.95602,1.32258,0.00307,1.12600,-1.03785,0.32795,-0.05320,1.08580,18.92764,0.43690,0.97516,0.60677,41.28978,1143.64870,420.91630,0
11,15.01000,1.23576,1013.97740,1.76649,0.37814,0.93563,0.17169,0.86519,1.32029,0.00196,1.13733,-1.04198,0.34439,-0.06053,1.40672,18.17105,0.41407,0.96340,0.58678,41.30951,1138.98444,421.66889,0
13,13.51000,1.07737,1014.64288,1.25509,1.27255,1.28649,0.19956,0.73831,1.32676,0.00589,1.08199,-1.02999,0.58057,0.21904,0.96846,3.41763,0.63748,0.81961,0.54290,33.99815,1128.02201,408.43590,0
13,14.01000,1.26409,1026.08039,1.36467,0.52425,1.75430,0.61429,0.87251,1.32739,0.00536,1.10526,-1.05064,0.59169,0.22424,1.00238,3.58721,0.68731,0.98954,0.67331,33.23759,1124.15333,408.70593,0
13,14.51000,1.02578,778.84420,1.07671,0.72041,0.58477,0.18819,0.86675,1.32068,0.00325,1.08754,-1.03428,0.60561,0.23527,0.69505,3.03425,0.60763,0.99739,0.69486,33.34024,1118.99148,409.03074,0
13,15.01000,0.96203,746.59707,1.12173,0.48227,0.58477,0.08543,0.91561,1.32038,0.00225,1.07462,-1.02349,0.57365,0.23117,0.65343,3.40125,0.54721,0.99869,0.68798,33.73129,1114.57519,409.43185,0
13,15.51000,0.82301,744.10923,1.24692,0.49031,0.58477,0.30289,0.90139,1.32130,0.00210,1.05879,-1.00687,0.56493,0.23804,0.63105,3.36468,0.49602,1.00000,0.66164,34.08289,1112.02185,410.49407,0
13,16.01000,1.13289,854.36469,1.56397,0.86727,0.70172,0.12958,0.79602,1.32367,0.00246,1.04001,-0.98433,0.54285,0.19976,0.60799,5.16369,0.90577,0.99346,0.62930,34.52996,1113.22296,413.05074,0
13,16.51000,1.13172,867.25370,1.40251,1.30071,0.93563,0.13601,0.84140,1.32361,0.00262,1.03662,-0.97545,0.55859,0.20355,0.65182,5.39650,0.91625,0.99346,0.64721,34.15020,1115.96333,416.38519,0
13,17.01000,1.27729,820.81002,1.42610,1.37105,0.70172,0.28455,0.77371,1.32547,0.00718,1.07539,-1.01231,0.55830,0.18501,0.75610,5.70621,0.95785,0.98301,0.66423,33.62842,1120.60556,420.66074,0
13,17.51000,1.12921,894.10738,1.25195,0.72555,0.58477,0.35878,0.84795,1.32482,0.00674,1.09985,-1.03739,0.57465,0.20319,1.12368,4.41851,0.61054,0.98562,0.68078,33.19354,1124.06407,425.00519,0
13,18.01000,1.04962,861.27128,1.37446,1.49009,0.70172,0.06870,0.86704,1.32588,0.00634,1.07511,-1.01873,0.55303,0.16461,1.04093,3.42702,0.74560,0.98562,0.66435,34.34392,1124.48074,430.44222,0
13,18.51000,0.98731,990.62331,1.38999,1.26125,0.58477,0.05221,0.70952,1.32101,0.00223,1.02675,-0.96741,0.54318,0.13558,1.05863,3.16929,0.84505,0.99608,0.65709,35.49082,1121.61741,434.75111,0
13,19.01000,0.86707,826.86041,1.27079,0.90861,2.10516,0.39682,0.85986,1.32173,0.00353,1.00707,-0.95178,0.53840,0.15065,0.79077,2.50922,0.81283,0.99869,0.66140,35.57989,1117.38704,437.29778,0
13,19.51000,0.86337,829.15066,1.23536,0.83095,1.98821,0.56713,0.92429,1.32151,0.00315,1.00942,-0.95616,0.49893,0.16783,0.78454,2.16309,0.65415,0.99869,0.66758,35.23162,1113.58593,437.73778,0
13,20.01000,0.61959,552.98186,1.30159,0.61743,0.58477,0.31626,0.88259,1.32082,0.00284,0.99707,-0.94930,0.48876,0.13334,0.46786,1.54177,0.50348,0.99869,0.67612,34.96304,1111.79778,437.22926,0
13,20.51000,0.53427,439.98437,1.45997,0.26948,0.70172,0.13042,0.92685,1.32092,0.00221,0.97816,-0.92843,0.47933,0.05800,0.47595,1.19917,0.44300,1.00000,0.67625,35.27621,1110.46444,435.81815,0
13,21.01000,0.66045,532.83948,2.05857,0.21078,2.22212,0.51593,0.93729,1.32129,0.00411,0.96746,-0.91892,0.53515,0.04022,0.69650,2.07056,0.41076,0.99869,0.66412,35.38439,1109.99667,433.32556,0
13,21.51000,1.38304,1422.79489,1.88928,0.23056,1.52040,0.37039,0.85751,1.32342,0.00367,0.97787,-0.91326,0.53522,0.08258,1.88788,2.42627,0.51651,0.98954,0.64659,35.31260,1108.10593,430.39852,0
13,22.01000,1.71628,1687.25961,1.68423,0.37959,7.95284,0.11882,0.95200,1.32377,0.00397,0.98714,-0.92307,0.54013,0.13572,2.36746,3.23404,0.54301,0.98824,0.64339,35.08068,1105.26852,429.07333,0
13,22.51000,1.83645,1818.78243,1.12118,0.32181,0.70172,0.07854,0.93181,1.32244,0.00258,0.99720,-0.92718,0.53837,0.13192,2.63658,3.25916,0.54110,0.98693,0.64128,34.82470,1102.20000,428.87963,0
13,23.01000,1.30356,1361.45274,0.99299,0.50449,0.58477,0.09449,0.86596,1.32126,0.00255,0.98311,-0.92873,0.52416,0.14293,1.79678,2.84003,0.50854,0.99608,0.65065,34.97177,1101.33333,430.01852,0
13,23.51000,0.94827,1020.41588,0.90964,0.41356,0.58477,0.30706,0.94384,1.32093,0.00260,0.98096,-0.92568,0.49031,0.14379,1.29720,2.14725,0.44328,0.99739,0.66224,35.43803,1103.42074,430.56630,0
13,24.01000,1.03215,829.72839,0.95083,0.27823,2.22212,0.40935,0.82652,1.32198,0.00322,0.96835,-0.91772,0.47147,0.17331,1.27536,2.11186,0.48766,0.99739,0.66067,35.68036,1105.61481,430.12778,0
13,24.51000,1.18269,786.24426,1.03006,0.48639,2.57298,0.28767,0.93136,1.32098,0.00311,0.96091,-0.91309,0.47325,0.15467,1.11463,2.96958,0.59407,0.98301,0.65448,35.95738,1105.76333,428.82556,0
13,25.01000,1.28521,867.25260,1.26180,0.49875,0.81868,0.14502,0.85131,1.32197,0.00300,0.95900,-0.91244,0.50297,0.13893,1.14085,3.10734,0.69743,0.98301,0.64710,35.79796,1101.59741,426.38593,0
13,25.51000,1.15537,863.26882,1.27007,0.39444,1.05258,0.11593,0.88502,1.32118,0.00276,0.95699,-0.90965,0.49884,0.12034,1.05762,2.60241,0.72995,0.98562,0.66498,35.83370,1096.53000,424.59407,0
13,26.01000,0.88751,766.57180,1.10158,0.48338,0.70172,0.11831,0.89898,1.32159,0.00206,0.96616,-0.91911,0.52035,0.14319,1.00588,1.64966,0.63065,1.00000,0.69346,35.12453,1091.57704,422.28852,0
13,26.51000,0.79122,631.49230,0.88562,0.78507,0.58477,0.31786,0.87289,1.31981,0.00221,0.97672,-0.93079,0.53435,0.17603,0.94378,1.32432,0.54482,1.00000,0.69871,34.47869,1088.10926,419.82630,0
13,27.01000,0.64157,490.89354,0.70939,0.54665,0.70172,0.15659,0.85532,1.32128,0.00292,1.02685,-0.98095,0.57577,0.19771,0.65567,1.00092,0.44469,1.00000,0.69773,33.66637,1086.16148,417.50000,0
13,27.51000,0.65146,487.54218,0.71914,0.33191,0.58477,0.13699,0.90154,1.32157,0.00290,1.06839,-1.01890,0.61296,0.20829,0.58063,1.62644,0.37923,1.00000,0.68386,33.13757,1085.52852,415.33926,0
13,28.02000,0.64457,494.78311,0.74142,0.41652,1.16954,0.24524,0.92477,1.32217,0.00313,1.10399,-1.05147,0.62656,0.21160,0.51764,1.54467,0.45914,1.00000,0.70117,32.79427,1087.42741,412.66259,0
13,28.52000,0.68471,502.50249,1.03432,0.39770,1.28649,0.44786,0.88605,1.32065,0.00223,1.10221,-1.04544,0.60702,0.18844,0.46448,1.86700,0.70589,1.00000,0.71041,32.82064,1091.43037,406.63407,0
13,29.02000,1.28677,981.78887,1.52405,0.95834,0.58477,0.13609,0.81182,1.32094,0.00321,1.06008,-1.00173,0.56370,0.15421,0.84636,2.36944,1.40309,0.99869,0.69257,33.50695,1096.88148,394.80889,0
13,29.52000,2.35083,1667.10832,2.26778,1.10216,0.70172,0.29267,0.91285,1.32315,0.00290,1.01638,-0.92031,0.53169,0.09368,1.83201,3.29064,2.06535,0.97908,0.64493,34.37408,1103.12648,375.39130,0
14,20.01000,1.27496,1129.48821,0.20002,0.27720,1.63735,0.28725,0.83730,1.34044,0.00831,0.94457,-0.94133,0.14945,0.46056,0.88225,15.52817,0.48097,0.69542,0.44557,55.00984,1260.37825,482.59512,0
14,20.51000,0.84631,739.45723,0.21584,0.53732,0.58477,0.29378,0.80733,1.33093,0.00667,0.97017,-0.96752,0.14413,0.45737,0.50011,15.84772,0.48516,0.79085,0.51093,54.45608,1260.09481,481.04926,0
14,21.01000,0.51020,253.41064,0.23049,1.13550,0.58477,0.20675,0.88655,1.32100,0.00198,1.01015,-1.00840,0.14240,0.44674,0.19119,15.31794,0.54497,0.80131,0.53126,52.76089,1257.95704,477.92704,0
14,21.51000,0.65574,332.91727,0.33473,0.86660,0.58477,0.04776,0.87194,1.32055,0.00090,1.05589,-1.05468,0.13636,0.40869,0.22132,15.47772,0.64418,0.82222,0.56064,50.60357,1254.85630,473.86259,0
14,22.01000,0.94307,739.74386,0.89892,0.38595,1.52040,0.38308,0.81403,1.32091,0.00111,1.09955,-1.09704,0.20674,0.41668,0.53691,17.65330,0.69450,0.84575,0.57648,48.90306,1251.82222,470.40778,0
14,22.51000,1.06741,767.06786,1.11297,0.37231,1.05258,0.21824,0.88777,1.32014,0.00121,1.11127,-1.10872,0.24002,0.39342,0.53457,21.66422,0.76131,0.86536,0.57242,48.78336,1251.42222,469.20037,0
14,23.01000,1.33523,989.70637,1.33931,0.59235,1.63735,0.48431,0.83637,1.32114,0.00149,1.10805,-1.10483,0.24964,0.19247,0.59537,21.74699,1.21126,0.86275,0.55856,49.06737,1250.52963,469.78148,0
14,23.51000,1.26358,803.91943,0.80683,0.71266,0.81868,0.07818,0.82104,1.31970,0.00170,1.08012,-1.07749,0.16170,0.03008,0.26062,19.82466,1.32443,0.83922,0.54812,50.34907,1252.19926,471.32333,0
14,24.01000,1.20162,785.35358,0.91550,0.67783,0.81868,0.13474,0.92080,1.32014,0.00203,1.07145,-1.06821,0.13417,0.03989,0.24732,18.14837,1.21976,0.83529,0.56112,50.42654,1253.29667,470.98481,0
14,24.51000,0.77402,428.89988,0.69137,0.83004,1.52040,0.32276,0.94206,1.31996,0.00224,1.08504,-1.08210,0.14086,0.22283,0.18715,19.73688,0.72846,0.85229,0.58207,49.81504,1254.24741,468.40926,0
14,25.01000,0.72545,383.29643,0.76689,0.59491,0.70172,0.13342,0.86972,1.32039,0.00218,1.11961,-1.11746,0.20455,0.25647,0.20669,24.26935,0.70324,0.86928,0.59481,48.13200,1252.83741,463.23593,0
14,25.51000,0.73434,390.52519,0.66702,1.39524,0.58477,0.33060,0.86798,1.32005,0.00204,1.16696,-1.16538,0.29075,0.07835,0.24526,28.31560,0.86651,0.86667,0.58008,46.00737,1250.03926,458.13667,0
14,26.01000,0.93650,515.17768,1.67440,1.58419,0.70172,0.07059,0.87915,1.32009,0.00207,1.22626,-1.22469,0.34257,-0.08831,0.31007,30.45850,1.01867,0.86797,0.57158,43.58484,1245.71296,453.86407,0
14,26.51000,0.99332,513.54757,2.03205,0.77136,0.58477,0.20806,0.91620,1.32162,0.00254,1.27089,-1.26906,0.34391,-0.17704,0.40100,28.58956,1.11710,0.88497,0.57810,42.07398,1239.21815,450.71741,0
14,27.01000,0.99400,511.24261,2.49599,0.58600,2.80689,0.44490,0.93245,1.32076,0.00334,1.28650,-1.28485,0.32385,-0.14728,0.46253,28.12611,1.02906,0.90980,0.59873,41.69944,1235.53704,448.53519,0
14,27.51000,0.74095,391.40657,2.07262,0.42598,2.92384,0.44284,0.81594,1.32020,0.00347,1.26750,-1.26603,0.32666,-0.07383,0.39193,29.23351,0.85779,0.92157,0.61612,42.27665,1234.85481,446.64741,0
14,28.02000,0.59138,368.91859,3.22455,0.41194,0.70172,0.35875,0.87784,1.32057,0.00265,1.24753,-1.24614,0.47037,0.04052,0.31919,31.58103,0.68176,0.91895,0.61317,42.45312,1238.81889,443.62963,0
14,28.52000,0.62009,405.50732,3.33292,1.04446,0.58477,0.05989,0.96800,1.32062,0.00215,1.20095,-1.19902,0.50753,0.14535,0.26154,31.39122,0.72783,0.90719,0.60560,43.80564,1243.74889,438.55444,0
14,29.02000,1.05611,725.19902,3.28110,2.73350,0.58477,0.05190,0.85373,1.32193,0.00354,1.11243,-1.10848,0.55108,0.27544,0.58411,24.29212,0.94080,0.87974,0.56472,47.86059,1248.18889,431.05926,0
16,22.51000,3.30338,3213.34146,3.44444,0.30675,1.98821,0.37469,0.94436,1.34372,0.01294,1.15941,-1.03706,0.32172,-0.08333,2.81180,17.18245,0.52418,0.99739,0.62090,39.92390,1126.82370,439.22556,0
16,23.01000,3.18702,3133.23488,3.37724,0.40063,1.87126,0.40519,0.86993,1.33405,0.01125,1.16044,-1.03288,0.31836,-0.07336,2.37794,17.50453,0.50544,0.99346,0.61625,40.05171,1125.89185,440.00111,0
16,27.51000,0.85301,1225.42864,1.05026,0.19426,0.93563,0.18916,0.82452,1.33337,0.00764,1.16760,-1.08552,0.43431,-0.07787,1.16526,18.24820,0.21462,0.98824,0.56495,40.81414,1109.58370,426.68037,0
16,28.02000,1.45556,1641.72151,1.51118,0.11922,0.81868,0.19933,0.82614,1.33490,0.00873,1.16918,-1.07968,0.43146,-0.06748,1.52468,18.43244,0.34019,0.97386,0.56634,40.69230,1111.43148,424.28259,0
16,29.52000,4.37299,3807.31409,4.58657,0.91689,4.21033,0.14386,0.79934,1.35776,0.00840,1.18125,-0.98421,0.32603,-0.07886,3.33201,18.23320,2.31592,0.93203,0.55180,40.31932,1128.03030,385.41420,0
17,27.51000,7.22628,2065.65847,3.09012,4.94376,0.58477,0.13869,0.87466,1.43390,0.04565,1.24383,-1.05347,1.83494,0.88251,1.95405,33.45123,1.30124,1.00000,0.81482,63.88067,586.21926,403.60074,0
17,28.02000,4.65439,1406.34319,1.17332,0.58188,1.05258,0.47195,0.87797,1.40869,0.04444,0.87768,-0.60323,1.32030,0.63025,2.37620,3.79687,1.12884,1.00000,0.84051,78.98781,585.32481,406.71407,0
17,28.52000,3.75304,1056.04098,1.22865,0.43852,2.80689,0.51188,0.92966,1.36746,0.03176,0.89610,-0.57070,1.28114,0.59425,2.04568,4.02544,1.35060,1.00000,0.84911,83.09355,582.86593,406.02259,0
17,29.02000,3.10015,879.91201,1.68594,0.10219,0.58477,0.25414,0.88344,1.36244,0.02764,0.91477,-0.63983,1.31350,0.62354,2.00445,4.72650,1.73583,1.00000,0.84215,86.83866,590.81852,390.19704,0
17,29.52000,2.92080,782.58028,1.57957,0.16376,0.70172,0.22333,0.84219,1.33964,0.02197,0.97032,-0.76920,1.41936,0.70279,2.06766,4.24906,1.62655,1.00000,0.82438,87.61512,604.53593,357.01630,0
